year,quarter,国家,销售额,利润,销售额同比,利润同比
2017,1,Algeria,1292.01,-21.799999999999997,,
2017,1,Angola,93.2,7.46,,
2017,1,Benin,1282.29,88.47999999999999,,
2017,1,Botswana,660.12,0.0,,
2017,1,Burkina Faso,1101.3600000000001,30.66,,
2017,1,Burundi,1356.1200000000001,69.97,,
2017,1,Cameroon,1733.02,99.48000000000002,,
2017,1,Central African Republic,814.75,43.39,,
2017,1,Chad,443.13,4.43,,
2017,1,Congo,306.1,0.0,,
2017,1,Cote d'Ivoire,1954.1200000000001,-0.3299999999999983,,
2017,1,Democratic Republic of the Congo,1517.29,35.93,,
2017,1,Djibouti,885.22,-26.56,,
2017,1,Egypt,1205.74,74.22,,
2017,1,Equatorial Guinea,1873.34,-33.870000000000005,,
2017,1,Eritrea,988.55,21.68,,
2017,1,Ethiopia,509.93,10.2,,
2017,1,Gabon,1936.96,67.64,,
2017,1,Ghana,753.1899999999999,7.06,,
2017,1,Guinea,1014.67,46.25,,
2017,1,Guinea-Bissau,28.16,0.28,,
2017,1,Kenya,992.58,49.63,,
2017,1,Lesotho,153.27,4.6,,
2017,1,Liberia,1238.6,-74.64,,
2017,1,Libya,901.98,29.560000000000002,,
2017,1,Madagascar,1033.71,-74.81,,
2017,1,Malawi,1492.78,27.96,,
2017,1,Mali,847.01,42.35,,
2017,1,Mauritania,211.03,12.66,,
2017,1,Mauritius,1385.19,-62.76,,
2017,1,Morocco,832.54,58.28,,
2017,1,Mozambique,479.57000000000005,41.94,,
2017,1,Namibia,668.32,36.9,,
2017,1,Niger,3.3,-0.03,,
2017,1,Nigeria,3853.96,-0.3200000000000074,,
2017,1,Rwanda,581.19,8.389999999999999,,
2017,1,Sao Tome and Principe,1148.74,68.93,,
2017,1,Senegal,445.95,11.04,,
2017,1,Seychelles,90.78,-4.54,,
2017,1,Sierra Leone,301.55,-6.03,,
2017,1,Somalia,977.28,-9.77,,
2017,1,South Africa,1836.78,-35.21,,
2017,1,South Sudan,525.88,-33.21,,
2017,1,Sudan,438.51,27.84,,
2017,1,Swaziland,864.78,-69.18,,
2017,1,Togo,482.28000000000003,27.55,,
2017,1,Tunisia,60.05,-0.6,,
2017,1,Uganda,1632.84,-32.269999999999996,,
2017,1,United Republic of Tanzania,634.12,1.6999999999999997,,
2017,1,Western Sahara,235.84,-2.36,,
2017,1,Zambia,222.26,20.0,,
2017,1,Zimbabwe,1267.3400000000001,-38.940000000000005,,
2017,2,Angola,688.25,68.83,-46.73%,-415.73%
2017,2,Benin,2412.11,48.4,2488.1%,548.79%
2017,2,Botswana,953.86,95.39,-25.61%,7.81%
2017,2,Burundi,542.68,0.0,-17.79%,
2017,2,Cameroon,1597.18,-76.97,45.02%,-351.04%
2017,2,Chad,35.55,3.2,-97.38%,-95.43%
2017,2,Congo,1675.54,10.590000000000003,-3.32%,-89.35%
2017,2,Democratic Republic of the Congo,782.9300000000001,3.41,-3.91%,-92.14%
2017,2,Djibouti,724.69,-7.25,63.54%,-263.66%
2017,2,Egypt,510.23,20.41,66.69%,inf%
2017,2,Eritrea,857.28,-34.29,-56.13%,10290.91%
2017,2,Ethiopia,600.36,6.0,-60.43%,-83.3%
2017,2,Gabon,914.72,0.0,3.33%,-100.0%
2017,2,Guinea,10.69,-0.75,-99.11%,-101.01%
2017,2,Guinea-Bissau,1342.32,77.17999999999999,-28.35%,-327.87%
2017,2,Kenya,975.9200000000001,-69.56,-1.28%,-420.85%
2017,2,Lesotho,484.25,33.9,-5.04%,232.35%
2017,2,Liberia,480.03,4.8,-75.22%,-92.9%
2017,2,Libya,587.33,-5.87,-22.02%,-183.14%
2017,2,Malawi,985.55,54.089999999999996,-2.87%,16.95%
2017,2,Mali,242.34,-16.96,760.58%,-6157.14%
2017,2,Mauritania,838.86,58.72,-15.49%,18.32%
2017,2,Morocco,703.93,-35.2,359.27%,-865.22%
2017,2,Mozambique,986.39,-19.73,-20.36%,-73.57%
2017,2,Niger,59.99,-4.8,-93.35%,-116.24%
2017,2,Nigeria,1278.44,27.390000000000004,23.67%,-136.61%
2017,2,Rwanda,736.43,14.73,-50.67%,-47.32%
2017,2,Seychelles,40.12,-1.6,-95.26%,-103.78%
2017,2,Sierra Leone,695.88,-13.92,229.75%,-209.95%
2017,2,Somalia,673.55,-13.47,-51.37%,-78.54%
2017,2,South Africa,2941.14,77.39,253.27%,32.79%
2017,2,Sudan,1502.6599999999999,60.11,213.33%,43.32%
2017,2,Swaziland,760.7,30.43,13.82%,-17.53%
2017,2,Togo,572.06,17.16,17235.15%,-57300.0%
2017,2,Tunisia,1647.88,-2.5799999999999983,-57.24%,706.25%
2017,2,Western Sahara,761.86,45.71,31.09%,444.82%
2017,2,Zambia,751.73,-15.03,-34.56%,-121.8%
2017,2,Zimbabwe,451.47,-31.6,1.24%,-386.23%
2017,3,Algeria,723.41,36.17,696.88%,-896.7%
2017,3,Angola,670.01,47.53,122.19%,-888.23%
2017,3,Benin,739.48,-7.39,-24.33%,-24.36%
2017,3,Botswana,874.66,78.72,-52.38%,-323.57%
2017,3,Burkina Faso,745.22,-29.81,41.71%,-10.24%
2017,3,Cameroon,609.53,42.67,39.0%,53.27%
2017,3,Central African Republic,1050.3899999999999,23.3,21.46%,-133.68%
2017,3,Chad,85.19,-2.56,-82.34%,-109.29%
2017,3,Cote d'Ivoire,2669.0600000000004,-143.5,4344.73%,23816.67%
2017,3,Democratic Republic of the Congo,2296.8500000000004,67.92999999999999,40.67%,-310.51%
2017,3,Djibouti,1395.1599999999999,21.15,120.02%,1144.12%
2017,3,Egypt,928.29,46.41,293.61%,-2066.53%
2017,3,Equatorial Guinea,1156.96,33.66,420.54%,68.3%
2017,3,Ethiopia,18.17,0.73,-98.57%,-101.87%
2017,3,Gabon,950.34,-66.52,38.08%,-196.64%
2017,3,Ghana,1119.81,-9.78,-53.58%,-120.21%
2017,3,Lesotho,1125.27,65.72,17.97%,-31.1%
2017,3,Liberia,78.12,-5.47,-85.6%,-inf%
2017,3,Madagascar,787.38,-15.75,-50.7%,-79.54%
2017,3,Malawi,1625.23,-14.910000000000004,4471.67%,-565.94%
2017,3,Mali,499.61,-38.01,-70.18%,-458.92%
2017,3,Mauritania,573.76,-34.43,-26.72%,-1109.68%
2017,3,Mauritius,512.94,25.65,-29.22%,-453.79%
2017,3,Morocco,241.48,-4.83,-52.67%,-123.66%
2017,3,Namibia,1612.99,-44.730000000000004,88.15%,30.45%
2017,3,Niger,993.01,-30.17,65.4%,-602.83%
2017,3,Nigeria,3149.4799999999996,-172.47,244.31%,-inf%
2017,3,Rwanda,264.47,-5.29,2373.99%,605.33%
2017,3,Sao Tome and Principe,696.9000000000001,-2.74,-48.08%,-103.55%
2017,3,Senegal,494.29,13.93,-49.35%,-120.03%
2017,3,Seychelles,1493.29,-23.07,208.37%,-168.05%
2017,3,Sierra Leone,1150.41,2.39,139.65%,-50.21%
2017,3,Somalia,989.47,40.92,68.47%,-797.1%
2017,3,South Africa,2588.2400000000002,117.63,162.62%,117.47%
2017,3,South Sudan,443.6,-26.62,83.05%,56.96%
2017,3,Sudan,719.6099999999999,-36.46,-14.22%,-162.09%
2017,3,Swaziland,1180.57,-11.37,67.71%,-67.7%
2017,3,Tunisia,701.35,56.11,-28.9%,-384.39%
2017,3,Uganda,168.2,3.36,180.38%,-170.0%
2017,3,United Republic of Tanzania,196.25,-15.7,-84.65%,-157.32%
2017,3,Western Sahara,737.15,51.6,0.1%,250.31%
2017,3,Zambia,981.03,12.860000000000003,2345.24%,-903.75%
2017,4,Algeria,852.33,-34.09,22.48%,144.9%
2017,4,Benin,674.26,-31.28,0.11%,132.22%
2017,4,Botswana,114.52,-3.44,-96.11%,-104.45%
2017,4,Burkina Faso,488.98,-29.34,-67.46%,-148.81%
2017,4,Burundi,81.63,0.82,-89.27%,-97.31%
2017,4,Cameroon,466.81,-23.34,-18.4%,-236.01%
2017,4,Chad,704.01,28.16,-57.28%,-1191.47%
2017,4,Congo,483.35,-33.83,-36.56%,-174.01%
2017,4,Democratic Republic of the Congo,1259.08,25.29,67.49%,-268.26%
2017,4,Eritrea,155.37,-1.55,-65.59%,-95.09%
2017,4,Ethiopia,386.59,-23.2,-46.56%,-164.14%
2017,4,Ghana,1732.4499999999998,-22.120000000000005,158.57%,-146.54%
2017,4,Guinea,291.86,-17.51,-60.53%,136.94%
2017,4,Guinea-Bissau,812.02,40.6,-7.16%,-48.42%
2017,4,Kenya,341.57,-10.25,-54.17%,-65.62%
2017,4,Libya,823.82,16.48,35.16%,-61.38%
2017,4,Madagascar,947.92,37.92,-9.76%,62.75%
2017,4,Malawi,159.38,-12.75,87.09%,398.05%
2017,4,Mauritius,223.29,11.16,-91.63%,-107.78%
2017,4,Morocco,855.42,51.33,-62.76%,-24.44%
2017,4,Mozambique,183.56,-7.34,-86.84%,-134.7%
2017,4,Nigeria,1045.46,45.56,12.62%,-1.83%
2017,4,South Africa,1777.08,-52.05,53.6%,-254.63%
2017,4,South Sudan,372.63,-22.36,1950.8%,-3163.01%
2017,4,Sudan,541.59,43.33,-43.01%,-165.14%
2017,4,Togo,885.66,-70.85,-20.91%,624.44%
2017,4,Uganda,284.57,2.85,-74.71%,-95.66%
2017,4,United Republic of Tanzania,434.34,34.75,455.99%,-735.28%
2017,4,Western Sahara,601.87,60.19,-23.56%,-482.16%
2017,4,Zimbabwe,231.41,-4.63,-85.76%,-68.95%
2018,1,Algeria,743.65,52.63,48.85%,-238.46%
2018,1,Angola,46.15,-3.23,-91.96%,-90.62%
2018,1,Benin,1407.0900000000001,123.21,174.32%,380.35%
2018,1,Botswana,1383.3700000000001,70.28,472.87%,-1555.07%
2018,1,Burkina Faso,1914.35,-48.209999999999994,18.68%,7.78%
2018,1,Burundi,349.79,-27.98,-64.77%,-7.26%
2018,1,Cameroon,924.4399999999999,-18.49,-70.65%,-89.28%
2018,1,Central African Republic,669.9,33.5,153.3%,-733.27%
2018,1,Chad,876.8900000000001,4.17,25.83%,-252.19%
2018,1,Congo,1022.56,-6.550000000000001,106.87%,-147.02%
2018,1,Cote d'Ivoire,982.1400000000001,-66.26,-34.23%,187.21%
2018,1,Democratic Republic of the Congo,977.6299999999999,-7.83,-15.02%,-427.62%
2018,1,Djibouti,422.1,-6.34,-57.34%,-115.49%
2018,1,Egypt,120.75,1.21,-95.33%,-98.97%
2018,1,Equatorial Guinea,32.98,-2.64,-92.57%,-90.08%
2018,1,Eritrea,1131.32,82.19,57.21%,-325.43%
2018,1,Ethiopia,932.04,74.56,-21.05%,-755.76%
2018,1,Gabon,651.85,13.04,-7.06%,-76.76%
2018,1,Ghana,1467.72,-40.33,772.6%,-1300.3%
2018,1,Guinea,683.4100000000001,-39.72,248.23%,152.99%
2018,1,Guinea-Bissau,890.77,5.79,20.84%,-88.78%
2018,1,Kenya,425.64,-24.849999999999998,-56.61%,-293.23%
2018,1,Lesotho,711.29,56.9,-16.55%,-266.91%
2018,1,Liberia,634.05,-50.72,-5.96%,62.15%
2018,1,Libya,740.66,74.07,546.75%,-2253.2%
2018,1,Madagascar,893.28,-71.46,82.68%,143.56%
2018,1,Malawi,1889.8500000000001,99.53999999999999,2215.14%,12039.02%
2018,1,Mali,305.74,-9.17,-34.5%,-60.71%
2018,1,Mauritania,1022.63,17.88,45.26%,-36.51%
2018,1,Mauritius,352.89,31.76,-26.99%,-193.88%
2018,1,Morocco,301.61,30.16,-76.05%,19.26%
2018,1,Mozambique,717.16,-7.17,361.58%,362.58%
2018,1,Namibia,84.09,-2.52,-78.25%,-89.14%
2018,1,Niger,966.64,-19.33,-44.2%,-12.61%
2018,1,Nigeria,1603.88,36.91,449.54%,-310.79%
2018,1,Rwanda,1332.8,-41.07,64.13%,-201.16%
2018,1,Sao Tome and Principe,386.89,-19.34,13.27%,88.68%
2018,1,Senegal,1385.75,-105.91999999999999,68.21%,-742.72%
2018,1,Seychelles,820.6,4.89,-13.43%,-87.1%
2018,1,Sierra Leone,1087.92,76.1,582.6%,-696.86%
2018,1,Somalia,328.62,32.86,47.17%,194.44%
2018,1,South Africa,4464.8,178.54000000000002,421.94%,247.83%
2018,1,South Sudan,771.7,30.87,320.41%,-520.57%
2018,1,Sudan,1896.36,86.32,81.39%,89.46%
2018,1,Swaziland,1428.68,109.16,-19.61%,-309.72%
2018,1,Togo,398.27,20.39,6.88%,-191.19%
2018,1,Tunisia,827.4300000000001,74.47,52.78%,71.87%
2018,1,Uganda,202.35,14.16,-77.15%,-119.99%
2018,1,United Republic of Tanzania,576.67,0.06,102.65%,-97.89%
2018,1,Western Sahara,623.24,-43.63,43.49%,-225.55%
2018,1,Zambia,371.36,-29.71,-38.3%,-149.36%
2018,1,Zimbabwe,337.98,13.52,46.05%,-392.01%
2018,2,Angola,743.2099999999999,-20.24,-0.06%,-138.46%
2018,2,Benin,1358.77,-43.519999999999996,2844.25%,1247.37%
2018,2,Botswana,430.46,25.83,-69.41%,-79.04%
2018,2,Burkina Faso,994.43,9.94,-28.12%,-85.86%
2018,2,Burundi,472.26,9.45,-75.33%,-119.6%
2018,2,Central African Republic,995.01,-59.7,184.46%,113.37%
2018,2,Chad,432.43,30.27,-53.22%,-263.71%
2018,2,Congo,983.19,78.66,46.77%,134.81%
2018,2,Cote d'Ivoire,1483.72,-47.74000000000001,69.2%,-1244.84%
2018,2,Democratic Republic of the Congo,1911.5700000000002,128.6,86.94%,-2063.36%
2018,2,Djibouti,688.39,-20.65,-29.91%,-68.83%
2018,2,Egypt,754.3,15.870000000000005,-22.84%,-302.68%
2018,2,Equatorial Guinea,301.1,9.03,-28.67%,-242.43%
2018,2,Ethiopia,867.75,65.55,618.63%,5317.36%
2018,2,Gabon,183.0,16.47,454.88%,-723.86%
2018,2,Ghana,783.41,23.5,-30.75%,-71.41%
2018,2,Lesotho,758.39,-58.22,-18.63%,-178.08%
2018,2,Liberia,236.5,-18.92,-63.72%,-245.09%
2018,2,Libya,980.8700000000001,25.529999999999998,-33.17%,-163.3%
2018,2,Madagascar,924.49,38.809999999999995,35.28%,-197.71%
2018,2,Malawi,1462.66,-14.870000000000001,64.2%,-356.82%
2018,2,Mali,265.44,15.93,-37.64%,-164.1%
2018,2,Mauritius,442.97,44.3,-37.72%,-22.14%
2018,2,Morocco,181.59,9.239999999999998,-71.36%,-118.22%
2018,2,Mozambique,582.09,34.93,-21.41%,-52.84%
2018,2,Namibia,789.26,-27.339999999999996,-11.64%,-61.74%
2018,2,Niger,512.06,46.09,-72.9%,-53.7%
2018,2,Nigeria,1783.93,-27.96,483.48%,204.91%
2018,2,Rwanda,646.27,45.24,-36.8%,153.02%
2018,2,Sao Tome and Principe,460.72,19.66,30.56%,-38.1%
2018,2,Senegal,101.35,1.01,-66.4%,-96.65%
2018,2,Somalia,29.2,2.63,-95.93%,-136.68%
2018,2,South Africa,2772.26,119.33,3196.78%,-4835.32%
2018,2,South Sudan,1112.46,72.42,15.09%,-474.65%
2018,2,Sudan,955.1299999999999,-37.57000000000001,-40.45%,-201.79%
2018,2,Swaziland,989.02,89.01,-25.79%,-316.73%
2018,2,Uganda,239.4,-9.58,-38.12%,-50.47%
2018,2,Western Sahara,440.8,30.86,-68.19%,-129.14%
2018,2,Zambia,1124.3899999999999,-44.74,37.02%,-1014.93%
2018,2,Zimbabwe,976.54,58.59,-10.24%,-23.01%
2018,3,Algeria,422.63,16.91,28.61%,-48.54%
2018,3,Benin,658.8,-31.42,-85.24%,-117.6%
2018,3,Burundi,757.23,0.0,-1.88%,-100.0%
2018,3,Cameroon,1525.98,-69.36,-19.53%,-180.35%
2018,3,Central African Republic,602.69,9.33,-57.81%,-91.45%
2018,3,Cote d'Ivoire,964.23,68.36,142.1%,235.26%
2018,3,Democratic Republic of the Congo,1694.9,35.91,104.84%,-51.78%
2018,3,Djibouti,818.68,40.93,304.59%,189.05%
2018,3,Egypt,654.41,32.72,13.48%,54433.33%
2018,3,Equatorial Guinea,1350.69,3.6799999999999997,116.72%,-108.43%
2018,3,Eritrea,829.05,8.29,123.25%,-127.9%
2018,3,Gabon,53.37,-4.27,-84.21%,-131.58%
2018,3,Ghana,1396.5100000000002,99.04,87.9%,-589.33%
2018,3,Guinea,197.63,1.98,-85.46%,-104.55%
2018,3,Guinea-Bissau,1146.63,68.86,166.37%,166.59%
2018,3,Kenya,768.89,-23.07,-22.68%,-332.09%
2018,3,Lesotho,401.94,-8.04,-14.89%,-185.08%
2018,3,Liberia,50.48,-4.04,-94.93%,-93.23%
2018,3,Libya,183.31,12.83,-57.61%,-57.61%
2018,3,Malawi,2083.9700000000003,21.619999999999997,111.96%,-72.51%
2018,3,Mali,891.4000000000001,48.800000000000004,-39.92%,-202.22%
2018,3,Mauritania,1088.88,52.78,-43.04%,-58.96%
2018,3,Mauritius,355.21000000000004,-4.660000000000001,-48.4%,-77.43%
2018,3,Mozambique,438.03,-4.38,-41.93%,-127.6%
2018,3,Namibia,234.66,0.0,-22.07%,-100.0%
2018,3,Niger,471.58,-23.58,-45.65%,-135.97%
2018,3,Nigeria,1970.6399999999999,68.48,976.85%,315.79%
2018,3,Rwanda,435.41,4.35,-44.42%,-81.49%
2018,3,Seychelles,542.4,-35.12,-28.48%,-39.68%
2018,3,Sierra Leone,345.05,-17.25,45.9%,-8.83%
2018,3,Somalia,1463.06,83.47,49.16%,226.95%
2018,3,South Africa,2302.07,1.0100000000000051,149.01%,-97.4%
2018,3,Sudan,1348.47,-34.92,-7.81%,134.84%
2018,3,Swaziland,322.41,29.02,21.46%,82.17%
2018,3,Togo,10.76,0.54,-97.57%,-98.78%
2018,3,Tunisia,628.53,37.71,246.13%,308.12%
2018,3,Uganda,634.2,-44.39,8.95%,-227.08%
2018,3,United Republic of Tanzania,437.73,-30.64,-44.54%,12.07%
2018,3,Western Sahara,759.99,53.2,48.42%,15.43%
2018,3,Zambia,226.85,18.15,-87.28%,-164.91%
2018,3,Zimbabwe,758.17,-53.07,17.31%,-217.31%
2018,4,Algeria,902.45,-9.02,95.88%,-145.88%
2018,4,Angola,573.24,-40.13,465.6%,-4073.27%
2018,4,Botswana,197.18,-5.92,575.27%,-325.1%
2018,4,Burkina Faso,608.71,60.87,-78.04%,-48.99%
2018,4,Burundi,644.43,-6.44,-42.07%,-108.89%
2018,4,Cameroon,549.16,27.46,-42.5%,-173.09%
2018,4,Chad,895.52,17.91,-9.45%,-79.88%
2018,4,Congo,59.11,4.73,-75.31%,-149.37%
2018,4,Cote d'Ivoire,294.18,-23.53,-33.26%,-176.25%
2018,4,Democratic Republic of the Congo,1593.5,-67.68,41.72%,51.27%
2018,4,Eritrea,699.51,-7.0,-28.37%,-111.95%
2018,4,Ethiopia,751.02,-15.02,77.7%,-188.82%
2018,4,Gabon,692.57,0.0,5.13%,-100.0%
2018,4,Ghana,432.15,43.22,-42.93%,inf%
2018,4,Guinea,371.08,-3.71,-75.68%,-94.65%
2018,4,Kenya,606.12,24.24,0.57%,159.81%
2018,4,Liberia,778.49,54.49,-19.26%,-20.29%
2018,4,Madagascar,859.08,-25.77,-49.31%,-171.76%
2018,4,Morocco,43.55,2.61,-94.68%,-93.62%
2018,4,Mozambique,393.33,35.4,-39.9%,8.19%
2018,4,Niger,958.9,-38.36,-29.01%,-1142.39%
2018,4,Nigeria,1259.6599999999999,-27.650000000000002,51.94%,-433.53%
2018,4,Sao Tome and Principe,973.62,0.0,1724.28%,-100.0%
2018,4,Senegal,699.02,-20.97,-49.95%,-121.17%
2018,4,Sierra Leone,364.23,0.0,84.3%,-100.0%
2018,4,South Africa,1102.37,49.33,-3.86%,-28.36%
2018,4,South Sudan,330.27,26.42,-57.05%,-214.52%
2018,4,Sudan,984.51,29.54,144.94%,-467.41%
2018,4,Togo,175.47,0.0,247.6%,-100.0%
2018,4,Tunisia,253.34,10.13,38.2%,-21.04%
2018,4,Uganda,696.6,69.66,-66.57%,222.2%
2018,4,United Republic of Tanzania,70.25,5.62,-92.12%,-88.48%
2018,4,Western Sahara,216.43,-10.82,-80.12%,-120.5%
2018,4,Zimbabwe,641.5,-12.83,80.6%,175.32%
2019,1,Algeria,597.46,-4.77,36.4%,8.9%
2019,1,Angola,421.39,-25.28,79.57%,-inf%
2019,1,Benin,686.65,44.64,45.61%,-289.31%
2019,1,Botswana,471.08,0.0,-76.1%,-100.0%
2019,1,Burkina Faso,1370.0700000000002,34.28,214.66%,688.05%
2019,1,Burundi,118.96,-2.38,-78.07%,-93.22%
2019,1,Cameroon,1275.0,84.39,269.51%,-589.22%
2019,1,Central African Republic,743.9,52.07,-49.15%,-37.62%
2019,1,Chad,270.01,-10.8,-88.27%,-1169.31%
2019,1,Congo,1491.56,78.62,10.61%,-325.14%
2019,1,Cote d'Ivoire,2481.4,-134.5,669.64%,-563.47%
2019,1,Democratic Republic of the Congo,2271.66,212.24,21012.08%,39203.7%
2019,1,Djibouti,833.21,16.66,32.56%,-55.82%
2019,1,Egypt,435.44,21.77,-31.34%,-149.04%
2019,1,Equatorial Guinea,207.77,6.23,-52.53%,-120.33%
2019,1,Eritrea,832.45,76.72,9.53%,44.21%
2019,1,Ethiopia,599.04,-7.619999999999999,164.07%,-141.98%
2019,1,Gabon,46.01,4.6,-93.93%,-108.67%
2019,1,Ghana,2239.88,81.51,148.2%,-1003.66%
2019,1,Guinea,784.48,-39.22,36.85%,-2.27%
2019,1,Guinea-Bissau,119.64,10.77,-39.32%,-281.93%
2019,1,Kenya,344.77,-13.79,-43.36%,-122.65%
2019,1,Lesotho,264.4,23.8,-58.97%,-469.57%
2019,1,Liberia,750.82,-49.29,36.72%,-279.5%
2019,1,Libya,631.19,-23.96,-29.52%,-233.78%
2019,1,Madagascar,1116.92,-4.47,1789.56%,-194.5%
2019,1,Malawi,1033.5,-31.2,251.32%,32.6%
2019,1,Mali,1083.56,-39.45,-32.0%,-41.71%
2019,1,Mauritania,939.8100000000001,-9.129999999999999,34.35%,30.43%
2019,1,Mauritius,444.48,13.33,-40.82%,-188.75%
2019,1,Morocco,101.49,8.12,-85.35%,inf%
2019,1,Mozambique,549.94,38.5,27.26%,-10.92%
2019,1,Namibia,927.03,46.35,149.82%,-1349.33%
2019,1,Niger,1409.94,-44.510000000000005,132.62%,-283.62%
2019,1,Nigeria,1594.8700000000001,-39.68,104.87%,-172.82%
2019,1,Rwanda,543.44,32.61,-36.74%,-226.54%
2019,1,Sao Tome and Principe,246.07,-7.38,465.03%,-382.76%
2019,1,Senegal,153.18,13.79,-61.06%,-61.05%
2019,1,Seychelles,1474.69,-97.55,53.79%,154.3%
2019,1,Sierra Leone,490.82,-4.91,-61.04%,-82.24%
2019,1,Somalia,985.13,59.11,1.18%,inf%
2019,1,South Africa,2828.99,-21.23,304.71%,1.24%
2019,1,South Sudan,1340.14,-71.21000000000001,267.94%,-inf%
2019,1,Sudan,1192.0,53.97,8.13%,9.41%
2019,1,Swaziland,518.99,28.369999999999997,57.14%,7.38%
2019,1,Togo,721.02,40.199999999999996,-26.76%,36.09%
2019,1,Tunisia,295.13,26.619999999999997,68.19%,inf%
2019,1,Uganda,1063.54,6.119999999999997,319.81%,-39.59%
2019,1,United Republic of Tanzania,661.42,6.61,-5.05%,-90.51%
2019,1,Western Sahara,388.17,19.41,452.56%,245.37%
2019,1,Zambia,182.1,-1.82,-15.86%,-83.18%
2019,1,Zimbabwe,1013.72,26.33,58.02%,-305.22%
2019,2,Angola,39.8,-3.18,-93.34%,-33.33%
2019,2,Benin,873.5,-24.93,107.29%,-1.38%
2019,2,Botswana,800.32,-48.02,16.55%,-207.57%
2019,2,Burundi,785.12,39.26,66.66%,inf%
2019,2,Cameroon,1010.27,-33.05,-26.26%,-196.41%
2019,2,Central African Republic,595.08,5.95,400.24%,-350.0%
2019,2,Chad,472.81,42.55,-62.92%,-49.58%
2019,2,Cote d'Ivoire,510.55,30.63,-31.37%,-41.18%
2019,2,Democratic Republic of the Congo,1908.7499999999998,-26.18,606.92%,142.41%
2019,2,Djibouti,914.68,-30.630000000000003,-38.68%,-138.96%
2019,2,Egypt,979.71,-20.630000000000003,-60.52%,-84.66%
2019,2,Equatorial Guinea,497.89,9.96,-78.08%,-95.31%
2019,2,Gabon,1272.35,7.75,52.7%,-53.48%
2019,2,Ghana,1319.52,-81.82000000000001,203.03%,-475.84%
2019,2,Guinea,1264.35,-19.2,508.53%,-408.19%
2019,2,Guinea-Bissau,768.8900000000001,-11.870000000000001,-7.64%,-115.47%
2019,2,Kenya,1188.3899999999999,42.65,98.38%,-659.71%
2019,2,Lesotho,716.33,35.82,1456.9%,678.7%
2019,2,Liberia,515.28,-10.31,-77.0%,-112.65%
2019,2,Malawi,317.87,31.79,-59.48%,-181.06%
2019,2,Mauritania,356.89,-17.84,198.3%,-265.65%
2019,2,Mauritius,413.26000000000005,-21.470000000000002,19.87%,55.69%
2019,2,Morocco,1126.85,28.31,326.19%,18.95%
2019,2,Mozambique,1777.98,-59.67,136.81%,21.06%
2019,2,Namibia,1849.54,-39.55,193.02%,65.07%
2019,2,Niger,389.73,-15.59,-65.11%,248.77%
2019,2,Nigeria,1662.42,3.270000000000002,60.85%,-110.48%
2019,2,Rwanda,1106.6,11.06,2.13%,-128.04%
2019,2,Sao Tome and Principe,888.09,-62.17,-5.5%,580.94%
2019,2,Senegal,252.82,22.75,-43.12%,70.67%
2019,2,Sierra Leone,845.73,-33.14,733.31%,-508.13%
2019,2,Somalia,680.68,-13.61,23.77%,-135.35%
2019,2,South Africa,2748.07,11.309999999999995,196.44%,-75.6%
2019,2,Sudan,1150.2,32.63,-18.42%,-173.31%
2019,2,Uganda,830.39,-41.52,-47.93%,4.64%
2019,2,United Republic of Tanzania,98.4,3.94,-81.89%,-87.92%
2019,2,Western Sahara,440.26,13.21,78.92%,-279.0%
2019,2,Zambia,1754.83,94.82,1045.6%,587.6%
2019,2,Zimbabwe,954.5,-38.18,-35.27%,-60.86%
2019,3,Algeria,206.71,8.27,-57.88%,-268.43%
2019,3,Angola,703.0699999999999,34.61,-28.63%,-41.45%
2019,3,Benin,1872.94,90.47999999999999,-33.79%,-526.19%
2019,3,Botswana,93.74,1.87,-93.01%,-102.63%
2019,3,Burkina Faso,977.29,-58.64,-18.01%,-208.65%
2019,3,Burundi,861.38,8.61,65.97%,-69.65%
2019,3,Cameroon,2404.1800000000003,73.67,233.44%,83.26%
2019,3,Central African Republic,168.78,-10.13,-42.81%,-138.05%
2019,3,Congo,146.09,11.69,-86.26%,91.01%
2019,3,Cote d'Ivoire,798.03,78.72,20.65%,1090.92%
2019,3,Democratic Republic of the Congo,725.0799999999999,-15.200000000000003,86.79%,-178.31%
2019,3,Djibouti,952.85,-28.59,423.26%,1470.88%
2019,3,Equatorial Guinea,649.16,32.46,-35.96%,23.28%
2019,3,Eritrea,325.46,6.51,717.74%,-304.72%
2019,3,Ethiopia,624.27,49.94,-28.53%,-300.32%
2019,3,Ghana,472.79999999999995,20.15,-40.92%,-141.96%
2019,3,Kenya,759.18,-15.18,-3.3%,-138.67%
2019,3,Lesotho,758.2600000000001,66.17999999999999,-24.94%,-300.24%
2019,3,Libya,1242.01,49.68000000000001,108.71%,734.96%
2019,3,Madagascar,1138.96,104.43,140.89%,145.43%
2019,3,Malawi,1692.8000000000002,99.35,231.56%,224.36%
2019,3,Mali,77.85,-6.23,-95.92%,-76.2%
2019,3,Morocco,150.54,-12.04,-83.54%,-60.69%
2019,3,Namibia,88.06,7.93,-91.01%,-138.44%
2019,3,Niger,346.72,-17.34,-30.36%,-274.1%
2019,3,Nigeria,1577.76,45.230000000000004,24.0%,483.61%
2019,3,Sao Tome and Principe,1880.85,-14.880000000000003,42.54%,-81.81%
2019,3,Senegal,1003.01,55.790000000000006,-20.67%,-390.57%
2019,3,Seychelles,491.94000000000005,-18.84,-36.02%,58.72%
2019,3,Sierra Leone,400.86,-4.01,-66.27%,-109.4%
2019,3,Somalia,118.6,-3.56,-83.44%,-109.94%
2019,3,South Africa,3367.34,-35.69,553.5%,246.17%
2019,3,South Sudan,1088.7,-16.060000000000002,242.5%,-150.52%
2019,3,Sudan,822.41,-32.9,130.44%,84.42%
2019,3,Swaziland,401.44,-24.09,-2.86%,12.2%
2019,3,Togo,1535.77,-63.58,36.29%,-324.58%
2019,3,Tunisia,511.56,-15.35,-71.23%,-74.28%
2019,3,United Republic of Tanzania,846.06,59.22,-54.26%,-249.73%
2019,3,Western Sahara,834.1,9.23,114.02%,-159.2%
2019,3,Zimbabwe,225.21,-6.76,-86.45%,-306.73%
2019,4,Algeria,377.49,26.42,-65.89%,138.88%
2019,4,Benin,517.7,0.0,-41.71%,-100.0%
2019,4,Botswana,137.27,-2.75,-45.7%,-112.09%
2019,4,Burkina Faso,5.47,0.55,-99.35%,-101.66%
2019,4,Burundi,865.69,51.94,27.18%,-481.63%
2019,4,Central African Republic,461.66,41.55,-83.2%,267.37%
2019,4,Chad,163.34,-11.43,-85.8%,-135.03%
2019,4,Congo,498.92,-4.99,-39.92%,-87.98%
2019,4,Cote d'Ivoire,1645.88,1.4800000000000004,1572.64%,-62.44%
2019,4,Democratic Republic of the Congo,430.15,-30.11,-2.3%,-327.93%
2019,4,Egypt,485.04,-38.8,-72.36%,-140.92%
2019,4,Equatorial Guinea,800.51,32.02,-16.13%,-183.87%
2019,4,Ethiopia,743.67,29.75,259.76%,259.73%
2019,4,Gabon,771.44,77.14,9.72%,122.88%
2019,4,Ghana,535.35,-26.77,-71.42%,-129.59%
2019,4,Guinea,350.47,28.04,273.87%,1399.47%
2019,4,Guinea-Bissau,547.68,-38.34,-43.96%,-34.62%
2019,4,Liberia,306.96,9.21,-64.36%,6.97%
2019,4,Malawi,692.45,6.92,-71.2%,-90.61%
2019,4,Mali,572.27,-11.45,239.06%,13.03%
2019,4,Mauritania,784.94,78.49,437.3%,571.43%
2019,4,Mauritius,15.99,-0.8,-98.0%,-101.02%
2019,4,Mozambique,937.98,0.0,29.36%,-100.0%
2019,4,Nigeria,1012.0500000000001,-22.96,6.21%,-19.69%
2019,4,Rwanda,472.24,-37.78,-27.25%,-216.39%
2019,4,Somalia,443.2,22.16,36.18%,240.4%
2019,4,Sudan,770.24,-14.18,23.38%,-128.39%
2019,4,Swaziland,787.3,15.75,66.52%,-21.84%
2019,4,Tunisia,728.79,72.88,-4.0%,-580.11%
2019,4,Uganda,6.87,0.14,-99.09%,-99.79%
2019,4,United Republic of Tanzania,505.64,-20.23,-59.29%,-140.72%
2019,4,Zambia,12.31,-0.37,-98.92%,-100.35%
2020,1,Algeria,450.44,13.51,-73.39%,-86.4%
2020,1,Angola,460.06,41.41,490.96%,-764.69%
2020,1,Benin,575.84,30.48,282.52%,-353.16%
2020,1,Botswana,662.15,-23.7,651.93%,-398.87%
2020,1,Burkina Faso,1173.28,-63.3,238.39%,265.05%
2020,1,Burundi,326.34,32.63,-79.32%,-27.86%
2020,1,Cameroon,1579.5700000000002,26.439999999999994,-16.02%,-277.69%
2020,1,Central African Republic,975.17,51.67,-2.78%,-7.38%
2020,1,Chad,456.72,18.27,-7.16%,-196.97%
2020,1,Congo,174.91,-7.0,-56.37%,74.56%
2020,1,Cote d'Ivoire,1517.83,110.72,1179.79%,-3210.11%
2020,1,Democratic Republic of the Congo,1834.0900000000001,5.140000000000003,-45.53%,-114.4%
2020,1,Djibouti,1325.03,35.09,21.71%,-318.49%
2020,1,Egypt,303.03,-18.18,-63.15%,-44.74%
2020,1,Equatorial Guinea,691.53,17.36,72.26%,-172.06%
2020,1,Eritrea,845.23,-50.71,-44.96%,-20.24%
2020,1,Ethiopia,638.73,25.88,24.86%,-268.6%
2020,1,Gabon,209.14,-8.37,-75.28%,-114.13%
2020,1,Ghana,1051.1399999999999,21.85,26.02%,136.73%
2020,1,Guinea,547.17,16.42,142.96%,-342.9%
2020,1,Guinea-Bissau,776.71,6.059999999999999,105.76%,-77.06%
2020,1,Kenya,914.44,12.799999999999999,76.64%,inf%
2020,1,Lesotho,587.27,25.49,327.82%,-1026.91%
2020,1,Liberia,1190.47,24.25,21663.62%,4309.09%
2020,1,Libya,112.07,3.36,-87.05%,-93.53%
2020,1,Madagascar,644.44,20.86,39.59%,-49.8%
2020,1,Malawi,1409.85,-15.88,763.14%,38.93%
2020,1,Mali,827.7,26.55,65.9%,-632.06%
2020,1,Mauritania,949.73,37.99,-42.3%,2466.89%
2020,1,Mauritius,1010.5600000000001,73.29,134.93%,-343.41%
2020,1,Morocco,898.19,-44.91,85.18%,15.75%
2020,1,Mozambique,1739.1399999999999,99.30000000000001,117.25%,210.12%
2020,1,Namibia,174.17,3.48,-76.58%,-88.3%
2020,1,Niger,1713.49,-6.77,122.12%,-108.78%
2020,1,Nigeria,3187.3500000000004,-35.360000000000014,495.38%,32.09%
2020,1,Rwanda,3.1,0.09,-99.12%,-99.68%
2020,1,Sao Tome and Principe,1140.77,17.42,108.29%,-145.44%
2020,1,Senegal,435.47,12.75,41.87%,38.44%
2020,1,Seychelles,460.12,-13.8,-33.55%,-299.42%
2020,1,Sierra Leone,517.73,-21.200000000000003,-9.53%,85.15%
2020,1,Somalia,1165.83,71.06,48.52%,-9.47%
2020,1,South Africa,2303.43,3.7800000000000065,14305.44%,-572.5%
2020,1,South Sudan,439.53999999999996,24.419999999999998,-53.14%,inf%
2020,1,Sudan,1798.59,-74.97,77.72%,226.52%
2020,1,Swaziland,1168.69,49.58,147.48%,-231.23%
2020,1,Togo,992.23,-19.84,123.88%,-189.53%
2020,1,Tunisia,185.9,14.87,-75.86%,-204.87%
2020,1,Uganda,883.96,59.56,12.28%,278.16%
2020,1,United Republic of Tanzania,562.51,-33.75,-22.82%,-146.31%
2020,1,Western Sahara,91.21,-1.82,1227.66%,-1400.0%
2020,1,Zambia,776.96,6.640000000000001,53.66%,-132.82%
2020,1,Zimbabwe,851.49,0.0,6817.06%,-100.0%
2020,2,Algeria,876.49,-26.29,94.59%,-294.6%
2020,2,Angola,398.18,-19.91,-13.45%,-148.08%
2020,2,Benin,2432.26,-81.39,322.38%,-367.03%
2020,2,Burundi,1044.73,-21.52,57.78%,-9.2%
2020,2,Cameroon,1164.97,27.69,-0.71%,-143.74%
2020,2,Chad,400.93,36.08,22.86%,10.57%
2020,2,Congo,340.78,-13.63,-78.43%,-151.55%
2020,2,Cote d'Ivoire,86.84,-5.21,-91.09%,-110.08%
2020,2,Democratic Republic of the Congo,2286.87,-42.559999999999995,400.72%,-332.95%
2020,2,Egypt,510.23,17.35,191.71%,-347.86%
2020,2,Equatorial Guinea,481.01,-9.62,-68.31%,-108.69%
2020,2,Eritrea,891.31,26.74,-51.4%,420.23%
2020,2,Gabon,1262.8899999999999,-101.03,-4.69%,-387.92%
2020,2,Ghana,817.72,8.18,169.85%,-144.99%
2020,2,Guinea,821.64,-24.65,18.81%,-241.99%
2020,2,Guinea-Bissau,53.89,4.31,-93.62%,-108.5%
2020,2,Kenya,613.64,-30.68,-3.93%,-218.55%
2020,2,Lesotho,930.77,46.54,345.05%,-656.03%
2020,2,Libya,171.11,6.84,-83.72%,-68.7%
2020,2,Malawi,316.12,-6.32,-42.23%,-138.49%
2020,2,Mauritania,1434.54,119.94,84.69%,1879.21%
2020,2,Morocco,355.17,-14.819999999999999,-61.16%,-215.78%
2020,2,Namibia,978.37,39.13,66.6%,53.51%
2020,2,Niger,945.62,0.0,-20.57%,-100.0%
2020,2,Nigeria,1656.55,54.9,1378.14%,1533.93%
2020,2,Rwanda,586.73,41.07,-8.96%,96.88%
2020,2,Sao Tome and Principe,681.82,27.27,-51.64%,-271.73%
2020,2,Seychelles,133.74,12.04,-83.84%,-54.65%
2020,2,Sierra Leone,465.79,4.66,-50.96%,-87.73%
2020,2,South Africa,833.39,-19.65,-17.53%,-126.81%
2020,2,Sudan,816.28,40.81,-9.12%,-190.87%
2020,2,Swaziland,196.19,-15.7,-88.72%,-115.81%
2020,2,Togo,568.88,-15.020000000000001,226.62%,-531.61%
2020,2,Tunisia,1003.38,-12.25,-41.44%,80.95%
2020,2,United Republic of Tanzania,471.51,37.72,-85.21%,-206.67%
2020,2,Western Sahara,158.62,7.93,5016.77%,8711.11%
2020,2,Zimbabwe,179.71,8.99,-84.25%,-48.39%
2020,3,Algeria,245.2,-4.9,-43.69%,-138.43%
2020,3,Angola,366.34,0.0,-20.38%,-100.0%
2020,3,Benin,657.94,-38.64,27.08%,82.26%
2020,3,Botswana,1154.9,-24.689999999999998,-0.94%,-134.75%
2020,3,Burkina Faso,642.1999999999999,-18.0,-72.12%,-576.19%
2020,3,Cameroon,1297.46,95.25,195.19%,290.05%
2020,3,Central African Republic,386.36,-30.91,-78.52%,-58.77%
2020,3,Chad,45.39,3.15,-96.12%,-93.65%
2020,3,Congo,987.23,-9.87,-0.5%,-50.25%
2020,3,Cote d'Ivoire,2679.86,16.140000000000008,1341.56%,8.54%
2020,3,Democratic Republic of the Congo,1829.6799999999998,78.98,106.99%,32.61%
2020,3,Djibouti,38.26,-0.77,-93.2%,-97.72%
2020,3,Equatorial Guinea,289.07,-20.23,216.93%,1011.54%
2020,3,Eritrea,856.67,-59.97,10.26%,-1003.16%
2020,3,Ethiopia,872.97,0.0,2.52%,
2020,3,Gabon,157.86,-7.89,-81.99%,-69.99%
2020,3,Ghana,1532.3600000000001,59.81999999999999,284.84%,-400.45%
2020,3,Guinea,255.31,-12.77,-89.5%,-84.31%
2020,3,Lesotho,526.93,-26.35,-49.56%,22.44%
2020,3,Liberia,239.28,-4.79,-79.46%,-117.3%
2020,3,Libya,344.48,10.33,-14.08%,-71.37%
2020,3,Madagascar,600.21,-6.0,76.13%,-55.98%
2020,3,Malawi,983.97,28.869999999999997,1033.08%,-654.13%
2020,3,Mali,619.63,4.73,-72.9%,-111.11%
2020,3,Mauritania,871.54,-17.43,70.81%,-200.46%
2020,3,Mauritius,361.28,3.61,-24.89%,-137.53%
2020,3,Mozambique,562.83,5.63,-36.85%,-78.95%
2020,3,Namibia,547.71,-38.34,-56.63%,-62.05%
2020,3,Niger,812.17,-64.97,-0.68%,-894.25%
2020,3,Nigeria,2519.48,90.89,206.64%,-468.72%
2020,3,Rwanda,1323.41,-54.49000000000001,2355.76%,-1364.27%
2020,3,Senegal,471.73,23.05,-23.13%,-175.13%
2020,3,Seychelles,334.36,33.44,-64.08%,-28.15%
2020,3,Somalia,262.21,26.22,53.24%,283.33%
2020,3,South Africa,2569.18,100.22999999999999,712.72%,-1685.92%
2020,3,South Sudan,760.52,-38.03,-46.99%,-131.71%
2020,3,Sudan,1396.63,42.980000000000004,293.23%,-390.01%
2020,3,Uganda,918.7,9.19,-6.1%,-76.51%
2020,3,United Republic of Tanzania,202.36,-6.07,-78.6%,-inf%
2020,3,Western Sahara,870.85,37.34,-47.43%,-31.99%
2020,3,Zambia,55.79,-2.23,-90.49%,-105.43%
2020,4,Algeria,651.66,-32.58,-4.42%,-219.47%
2020,4,Angola,878.19,61.47,556.64%,410.55%
2020,4,Benin,830.33,-8.3,78.26%,-278.11%
2020,4,Burundi,181.34,-12.69,-78.24%,-35.42%
2020,4,Cameroon,403.75,-12.11,-50.54%,-129.67%
2020,4,Central African Republic,687.01,-13.74,250.18%,-12.48%
2020,4,Congo,535.14,-26.76,-5.93%,78.16%
2020,4,Democratic Republic of the Congo,481.62,14.45,-52.0%,-217.96%
2020,4,Djibouti,338.99,-6.78,-28.11%,-117.97%
2020,4,Egypt,506.78,-10.14,219.49%,-227.87%
2020,4,Eritrea,310.64,3.11,72.86%,-65.41%
2020,4,Ethiopia,649.92,-6.5,165.06%,32.65%
2020,4,Ghana,432.32,17.29,18.01%,inf%
2020,4,Guinea-Bissau,428.02,38.52,-34.95%,-199.69%
2020,4,Kenya,737.57,36.88,-36.14%,-249.37%
2020,4,Liberia,133.26,-8.0,-79.25%,-55.56%
2020,4,Libya,106.59,-6.4,-91.78%,-106.72%
2020,4,Madagascar,32.73,-0.65,-91.53%,-97.9%
2020,4,Malawi,1028.89,45.97,2166.78%,1359.37%
2020,4,Mauritius,148.56,10.4,-84.95%,-205.37%
2020,4,Morocco,184.49,-7.38,-93.12%,-145.72%
2020,4,Mozambique,159.81,-11.19,-91.27%,-114.17%
2020,4,Namibia,951.26,95.13,2386.3%,-12454.55%
2020,4,Nigeria,824.38,41.01,185.18%,-302.72%
2020,4,Sao Tome and Principe,120.74,3.62,-85.91%,-106.04%
2020,4,Seychelles,20.98,0.21,-97.6%,inf%
2020,4,Sierra Leone,427.16,0.0,170.59%,-100.0%
2020,4,Somalia,116.04,11.6,-92.43%,-80.61%
2020,4,South Africa,2265.19,-96.49000000000001,787.23%,655.6%
2020,4,South Sudan,579.24,40.55,9.93%,-253.89%
2020,4,Sudan,679.3,47.55,183.89%,-1092.69%
2020,4,Swaziland,801.25,-40.06,132.6%,-487.8%
2020,4,Togo,346.36,-24.25,-42.29%,304.17%
2020,4,Tunisia,665.22,33.26,-32.39%,15.21%
2020,4,Uganda,680.17,68.02,9.77%,1338.05%
2020,4,United Republic of Tanzania,859.82,-60.19,-1.34%,245.32%
2020,4,Zambia,791.05,-47.46,118.96%,-1414.68%
2020,4,Zimbabwe,394.28,-23.66,-29.95%,-520.25%
